id,category,text,keyword_count,sentiment,risk_score,clean_text
1,storage_issue,pharmacies in giza reported issues with antidepressants. they cited humidity and contamination. ,0,0.0,1,pharmacies giza reported issues antidepressants cited humidity contamination
2,storage_issue,a weekly report from delta region connected antidepressants instability to power cut and storage.,1,-0.2732,6,weekly report delta region connected antidepressants instability power cut storage
3,import_delay,"In Giza, anticoagulants availability has dropped. Reports mention queue and complications from import.",2,0.0,10,giza anticoagulants availability dropped reports mention queue complications import
4,manufacturing_issue,"In coastal governorates, anticoagulants availability has dropped. Reports mention breakdown and complications from batch. Additional concerns include capacity.",1,0.0,5,coastal governorates anticoagulants availability dropped reports mention breakdown complications batch additional concerns include capacity
5,manufacturing_issue,Pharmacies in Giza reported issues with asthma inhalers. They cited raw material and line. ,0,0.0,1,pharmacies giza reported issues asthma inhalers cited raw material line
6,seasonal_variation,A weekly report from Upper Egypt connected IV fluids inst@bility to virus @nd se@son@l. Addition@l concerns include se@son@l.,0,0.0,1,weekly report upper egypt connected iv fluids inst bility virus nd se son l addition l concerns include se son l
7,forecasting_error,Pharmacies in coastal governorates reported issues with antidepressants. They cited assumption and scenario. Additional concerns include miscalculated. ,0,0.0,1,pharmacies coastal governorates reported issues antidepressants cited assumption scenario additional concerns include miscalculated
8,neutral_report,Pharmaci3s in Upp3r Egypt r3port3d stabl3 availability of canc3r m3dicin3s this w33k.??,1,0.0,5,pharmaci upp r egypt r port stabl availability canc r dicin w k
9,neutral_report,Supply levels for insulin in co@st@l governor@tes rem@ined norm@l.,1,0.0,5,supply levels insulin co st l governor tes rem ined norm l
10,labor_shortage,Pharmacies in Giza reported issues with antihistamines. They cited overtime and resignations. ,0,-0.296,1,pharmacies giza reported issues antihistamines cited overtime resignations
11,storage_issue,A weekly report from coastal governorates connected antiviral tablets instability to temperature and storage. Additional concerns include mold.,1,0.0,5,weekly report coastal governorates connected antiviral tablets instability temperature storage additional concerns include mold
12,quality_control_issue,A  w33kly  r3port  from  Canal  citi3s  conn3ct3d  antiviral  tabl3ts  instability  to  lab  and  complaint.,1,-0.296,6,w kly r port canal citi conn ct antiviral tabl ts instability lab complaint
13,neutral_report,ROUTINE UPDATES FROM COASTAL GOVERNORATES S ...HOWED NO MAJOR ISSUES FOR ANTIVIRAL TABLETS.,0,0.0,1,routine updates coastal governorates howed major issues antiviral tablets
14,regulation_issue,A weekly report from coastal governorates connected painkillers instability to regulation and license.,1,0.0,5,weekly report coastal governorates connected painkillers instability regulation license
15,demand_spike,Ph@rm@cies in new urb@n communities reported issues with @sthm@ inh@lers. They cited unusu@l @nd pe@k. Addition@l concerns include rush.,0,0.0,1,ph rm cies new urb n communities reported issues sthm inh lers cited unusu l nd pe k addition l concerns include rush
16,demand_spike,Ph@rm@cies in C@n@l cities reported issues with insulin. They cited rush @nd p@nic buying. Addition@l concerns include p@nic buying. ,0,0.0,1,ph rm cies c n l cities reported issues insulin cited rush nd p nic buying addition l concerns include p nic buying
17,seasonal_variation,Ph@rm@cies in Giz@ reported issues with  ...IV fluids. They cited winter @nd se@son.,0,0.0,1,ph rm cies giz reported issues iv fluids cited winter nd se son
18,regulation_issue,A weekly report from Upper Egypt connected insulin instability to new rules and approval.,1,0.4767,3,weekly report upper egypt connected insulin instability new rules approval
19,neutral_report,Routine  updates  from  new  urban  communities  showed  no  major  issues  for  cancer  medicines.,0,-0.6597,3,routine updates new urban communities showed major issues cancer medicines
20,currency_issue,Pharmacies in Alexandria reported issues with oral rehydration salts. They cited foreign and reserve.,0,0.0,1,pharmacies alexandria reported issues oral rehydration salts cited foreign reserve
21,distribution_center_issue,"IN CANAL CITIES, ANTIDEPRESSANTS AVAILABILITY HAS DROPPED. REPORTS MENTION UNLOADING AND COMPLICATIONS FROM QUEUE.",1,0.0,5,canal cities antidepressants availability dropped reports mention unloading complications queue
22,neutral_report,Supply levels for blood pressure dr ...ugs in Upper Egypt remained normal.,1,-0.296,6,supply levels blood pressure dr ugs upper egypt remained normal
23,contract_dispute,A weekly report from new urban communities connected asthma inhalers instability to penalty and terms. Additional concerns include contract.,1,-0.4588,7,weekly report new urban communities connected asthma inhalers instability penalty terms additional concerns include contract
24,regulation_issue,PHARMACIES IN CAIRO REPORTED ISSUES WITH CHILDREN'S SYRUP. THEY CITED WARNING AND NEW RULES. ADDITIONAL CONCERNS INCLUDE BANNED. ,0,-0.6597,3,pharmacies cairo reported issues children syrup cited warning new rules additional concerns include banned
25,manufacturing_issue,"In Cairo, childr3n's syrup availability has dropp3d. R3ports m3ntion int3rruption and complications from d3f3ct. Additional conc3rns includ3 d3f3ct.",1,0.0,5,cairo childr n syrup availability dropp r ports ntion int rruption complications f ct additional conc rns includ f ct
26,regulation_issue," In Upper Egypt, anticoagulants availability has dropped. Reports mention restriction and complications from compliance. Additional concerns include new rules. ",1,-0.2732,6,upper egypt anticoagulants availability dropped reports mention restriction complications compliance additional concerns include new rules
27,demand_spike, Pharmacies in Alexandria reported issues with IV fluids. They cited surge and unusual. Additional concerns include demand.,1,-0.128,6,pharmacies alexandria reported issues iv fluids cited surge unusual additional concerns include demand
28,neutral_report,Routine updates from Canal cities showed no major issues for antibiotics.,0,0.0,1,routine updates canal cities showed major issues antibiotics
29,neutral_report,Pharmacies in Upper Egypt reported stable availability of insulin this week.,1,0.296,4,pharmacies upper egypt reported stable availability insulin week
30,contract_dispute,"In D3lta r3gion, asthma inhal3rs availability has dropp3d. R3ports m3ntion ... pricing and complications from disput3. Additional conc3rns includ3 d3lay.",1,0.0,5,lta r gion asthma inhal rs availability dropp r ports ntion pricing complications disput additional conc rns includ lay
31,labor_shortage,A w33kly r3port from Cairo conn3ct3d antiviral tabl3ts instability to turnov3r and strik3.,1,0.0,5,w kly r port cairo conn ct antiviral tabl ts instability turnov r strik
32,neutral_report,Pharmacies  in  coastal  governorates  reported  stable  availability  of  asthma  inhalers  this  week.,1,0.296,4,pharmacies coastal governorates reported stable availability asthma inhalers week
33,transport_issue,"In Canal cities, antihistamines availability has dropp ...ed. Reports mention bridge and complications from road.",1,0.0,5,canal cities antihistamines availability dropp ed reports mention bridge complications road
34,contract_dispute," IN UPPER EGYPT, PAINKILLERS AVAILABILITY HAS DROPPED. REPORTS MENTION NEGOTIATION AND COMPLICATIONS FROM DISPUTE.",1,-0.4019,7,upper egypt painkillers availability dropped reports mention negotiation complications dispute
35,manufacturing_issue,"IN GIZA, ANTIHISTAMINES AVAILABILITY HAS DROPPED. REPORTS MENTION RAW MATERIAL AND COMPLICATIONS FROM DEFECT. ADDITIONAL CONCERNS INCLUDE MAINTENANCE.",1,-0.34,7,giza antihistamines availability dropped reports mention raw material complications defect additional concerns include maintenance
36,regulation_issue,"In n3w urban communiti3s, vitamins availability has dropp3d. R3ports m3ntion saf3ty and complications from bann3d. Additional conc3rns includ3 saf3ty. ",1,0.6369,2,n w urban communiti vitamins availability dropp r ports ntion saf ty complications bann additional conc rns includ saf ty
37,currency_issue,PHARMACIES IN ALEXANDRIA REPORTED ISSUES WITH ASTHMA INHALERS. THEY  ...CITED PAYMENT AND HARD CURRENCY. ADDITIONAL CONCERNS INCLUDE DOLLAR.,0,-0.1027,1,pharmacies alexandria reported issues asthma inhalers cited payment hard currency additional concerns include dollar
38,supplier_problem,Pharmacies in Upper Egypt reported issues with vitamins. They cited under-performing and disruption.,1,-0.3612,7,pharmacies upper egypt reported issues vitamins cited performing disruption
39,neutral_report,No significant disruptions were noted for vitamins in new urban communities.,0,-0.1531,1,significant disruptions noted vitamins new urban communities
40,supplier_problem,A weekly report from co@st@l governor@tes connected @sthm@ inh@lers inst@bility to supplier @nd l@te.,0,0.0,1,weekly report co st l governor tes connected sthm inh lers inst bility supplier nd l te
41,neutral_report,Pharmacies in new urban communities reported stable availability of cancer medicines this week.,1,-0.4939,7,pharmacies new urban communities reported stable availability cancer medicines week
42,demand_spike,A weekly report from new urb@n communities connected @ntico@gul@nts ins ...t@bility to short@ge @nd p@nic buying. Addition@l concerns include high.,0,0.0,1,weekly report new urb n communities connected ntico gul nts ins bility short ge nd p nic buying addition l concerns include high
43,storage_issue,A weekly report from Canal cities connected antibiotics instab ...ility to storage and leak. Additional concerns include storage.,0,-0.34,2,weekly report canal cities connected antibiotics instab ility storage leak additional concerns include storage
44,quality_control_issue,PHARMACIES  IN  COASTAL  GOVERNORATES  REPORTED  ISSUES  WITH  VITAMINS.  THEY  CITED  CONTAMINATION  AND  TEST.,0,0.0,1,pharmacies coastal governorates reported issues vitamins cited contamination test
45,neutral_report,SUPPLY L3V3LS FOR INSULIN IN CAIRO R3MAIN3D NORMAL.,1,0.0,5,supply l v ls insulin cairo r main normal
46,currency_issue, A weekly report from new urban communities connected anticoagulants instability to price and currency. Additional concerns include price.,1,0.0,5,weekly report new urban communities connected anticoagulants instability price currency additional concerns include price
47,manufacturing_issue,Pharmaci3s in Al3xandria r3port3d issu3s with insulin. Th3y cit3d shutdown and factory. Additional conc3rns includ3 maint3nanc3.??,0,0.0,1,pharmaci al xandria r port issu insulin th cit shutdown factory additional conc rns includ maint nanc
48,manufacturing_issue,"in c@iro, or@l rehydr@tion s@lts @v@il@bility h@s dropped. reports mention r@w m@teri@l @nd complic@tions from defect. addition@l concerns include production.",0,0.0516,1,c iro l rehydr tion lts v il bility h dropped reports mention r w teri l nd complic tions defect addition l concerns include production
49,supplier_problem, A WEEKLY REPORT FROM CAIRO CONNECTED BLOOD PRESSURE DRUGS INSTABILITY TO DISRUPTION AND SUPPLIER. ADDITIONAL CONCERNS INCLUDE SUPPLIER.,2,-0.5719,10,weekly report cairo connected blood pressure drugs instability disruption supplier additional concerns include supplier
50,neutral_report, pharmacies in giza reported stable availability of painkillers this week.,1,0.296,4,pharmacies giza reported stable availability painkillers week
51,neutral_report,supply levels for painkillers in upper egypt remained normal.,1,0.0,5,supply levels painkillers upper egypt remained normal
52,currency_issue,Pharmacies in Canal cities reported issues with vitamins. They cited price and reserve.,0,0.0,1,pharmacies canal cities reported issues vitamins cited price reserve
53,neutral_report,No significant disruptions were noted for anticoagulants in Giza.,0,-0.1531,1,significant disruptions noted anticoagulants giza
54,forecasting_error,"IN GIZA, BLOOD PRESSURE DRUGS AVAILABILITY HAS DROPPED. REPORTS MENTION PLANNING AND COMPLICATIONS FROM PROJECTION. ADDITIONAL CONCERNS INCLUDE PROJECTION.",1,-0.296,6,giza blood pressure drugs availability dropped reports mention planning complications projection additional concerns include projection
55,seasonal_variation,"In Cairo, antibiotics availability has dropped. Reports mention winter and complications from virus. Additional concerns include trend.",1,0.0,5,cairo antibiotics availability dropped reports mention winter complications virus additional concerns include trend
56,neutral_report, Pharmacies in Alexandria reported stable availability of children's syrup this week.,1,0.296,4,pharmacies alexandria reported stable availability children syrup week
57,transport_issue,Pharmacies in Alexandria reported issues with antidepressants. They cited accident and detour. ,0,-0.4767,2,pharmacies alexandria reported issues antidepressants cited accident detour
58,neutral_report,Supply levels for children's syrup in Upper Egypt remained normal.,1,0.0,5,supply levels children syrup upper egypt remained normal
59,currency_issue,A WEEKLY REPORT FROM ALEXANDRIA CONNECTED ANTIBIOTICS INSTABILITY TO CURRENCY AND DEVALUATION. ADDITIONAL CONCERNS INCLUDE PAYMENT.,1,0.0,5,weekly report alexandria connected antibiotics instability currency devaluation additional concerns include payment
60,distribution_center_issue,Pharmacies in Canal cities reported issues with vitamins. They cited capacity and distribution center.,0,0.0,1,pharmacies canal cities reported issues vitamins cited capacity distribution center
61,forecasting_error,"In Cairo, blood pressure drugs availability has dropped. Reports mention planning and complications from forecast. Additional concerns include trend.",1,-0.296,6,cairo blood pressure drugs availability dropped reports mention planning complications forecast additional concerns include trend
62,transport_issue,PHARMACIES IN NEW URBAN COMMUNITIES REPORTED ISSUES WITH IV FLUIDS. THEY CITED ACCIDENT AND BLOCKED. ADDITIONAL CONCERNS INCLUDE ROUTE.??,0,-0.6369,3,pharmacies new urban communities reported issues iv fluids cited accident blocked additional concerns include route
63,it_system_failure,Pharmacies in Delta region reported issues with vitamins. They cited crash and software. Additional concerns include software.,0,-0.4019,2,pharmacies delta region reported issues vitamins cited crash software additional concerns include software
64,storage_issue,pharmacies in canal cities reported issues with antidepressants. they cited storage and mold.,0,0.0,1,pharmacies canal cities reported issues antidepressants cited storage mold
65,regulation_issue,A weekly report from new urban communities connected painkillers instability to safety and warning.,1,0.1027,4,weekly report new urban communities connected painkillers instability safety warning
66,supplier_problem,A weekly report from new urban communities connected antidepressants instability to supplier and disruption. Additional concerns include late.,2,-0.3612,10,weekly report new urban communities connected antidepressants instability supplier disruption additional concerns include late
67,neutral_report,Supply levels for vitamins in Giza remained normal.,1,0.0,5,supply levels vitamins giza remained normal
68,neutral_report,Supply levels for anticoagulants ... in Delta region remained normal.,1,0.0,5,supply levels anticoagulants delta region remained normal
69,import_delay,"In coastal governorates, antiviral tablets availability has dropped. Reports mention delay and complications from stuck. Additional concerns include queue.",2,-0.5106,10,coastal governorates antiviral tablets availability dropped reports mention delay complications stuck additional concerns include queue
70,quality_control_issue,PHARMACIES IN NEW URBAN COMMUNITIES REPORTED ISSUES WITH VITAMINS. THEY CITED OUT OF SPEC AND CONTAMINATION. ADDITIONAL CONCERNS INCLUDE FAILED.,0,-0.5106,3,pharmacies new urban communities reported issues vitamins cited spec contamination additional concerns include failed
71,regulation_issue,"In  Upper  Egypt,  oral  rehydration  salts  availability  has  dropped.  Reports  mention  new  rules  and  complications  from  penalty.  Additional  concerns  include  inspection.",1,-0.4588,7,upper egypt oral rehydration salts availability dropped reports mention new rules complications penalty additional concerns include inspection
72,currency_issue,"In Delta region, antiviral tablets availability has dropped. ... Reports mention devaluation and complications from exchange.",1,0.0,5,delta region antiviral tablets availability dropped reports mention devaluation complications exchange
73,quality_control_issue,pharmacies in coastal governorates reported issues with blood pressure drugs. they cited defect and out of spec.,0,-0.5574,3,pharmacies coastal governorates reported issues blood pressure drugs cited defect spec
74,supplier_problem,A weekly report from Alexandria connected blood pressure drugs instability to disruption and late. Additional concerns include under-performing.,2,-0.5719,10,weekly report alexandria connected blood pressure drugs instability disruption late additional concerns include performing
75,quality_control_issue," In new urban communities, insulin availability has dropped. Reports mention investigation and complications from defect.",1,-0.34,7,new urban communities insulin availability dropped reports mention investigation complications defect
76,neutral_report,Reports from new urban communities indicated stable distribution of oral rehydration salts.,0,0.296,1,reports new urban communities indicated stable distribution oral rehydration salts
77,neutral_report,REPORTS FROM ALEXANDRIA INDICATED STA ...BLE DISTRIBUTION OF ANTIVIRAL TABLETS.,0,0.0,1,reports alexandria indicated sta ble distribution antiviral tablets
78,manufacturing_issue,"In coastal governorates, vitamins availability has dropped. Reports mention repair and complications from interruption. Additional concerns include raw material.",1,-0.3612,7,coastal governorates vitamins availability dropped reports mention repair complications interruption additional concerns include raw material
79,import_delay,A WEEKLY REPORT FROM DELTA REGION CONNECTED INSULIN INSTABILITY TO DELAY AND CUSTOMS. ,2,-0.3182,10,weekly report delta region connected insulin instability delay customs
80,currency_issue,Pharmacies in Delta region reported issues with insulin. They cited bank and currency.,0,0.0,1,pharmacies delta region reported issues insulin cited bank currency
81,storage_issue,"In Giza, asthma inhalers availability has dropped. Reports mention power cut and complications from expired.",1,-0.2732,6,giza asthma inhalers availability dropped reports mention power cut complications expired
82,forecasting_error,A weekly report from coastal governorates connected anticoagulants instability to overestimated and estimate. Additional concerns include overestimated.,1,0.0,5,weekly report coastal governorates connected anticoagulants instability overestimated estimate additional concerns include overestimated
83,import_delay,Pharmacies in Cairo reported issues with anticoagulants. They cited stuck and container.,0,-0.25,1,pharmacies cairo reported issues anticoagulants cited stuck container
84,currency_issue,a weekly report from giza connected antibiotics instability to price and hard currency.,1,-0.1027,6,weekly report giza connected antibiotics instability price hard currency
85,neutral_report,Routine updates from Giza showed no major issues for blood pressure drugs.,0,-0.296,1,routine updates giza showed major issues blood pressure drugs
86,import_delay,"In Upper Egypt, @ntihist@mines @v@il@bility h@s dropped. Reports mention customs @nd complic@tions from hold. Addition@l concerns include stuck. ",0,-0.25,1,upper egypt ntihist mines v il bility h dropped reports mention customs nd complic tions hold addition l concerns include stuck
87,forecasting_error,"In Cairo, antihistamines availability has dropped. Reports mention model and complications from unexpected. Additional concerns include planning.",1,0.0,5,cairo antihistamines availability dropped reports mention model complications unexpected additional concerns include planning
88,neutral_report,Pharmaci3s in Canal citi3s r3port3d stabl3 availability of antibiotics this w33k.,1,0.0,5,pharmaci canal citi r port stabl availability antibiotics w k
89,manufacturing_issue,A WEEKLY REPORT FROM CAIRO CONNECTED CHILDREN'S SYRUP INSTABILI ...TY TO BREAKDOWN AND FACTORY. ADDITIONAL CONCERNS INCLUDE BATCH.,0,0.3818,1,weekly report cairo connected children syrup instabili ty breakdown factory additional concerns include batch
90,it_system_failure,"In Canal cities, children's syrup availability has dropped. Reports mention server and complications from data. Additional concerns include error.",1,-0.4019,7,canal cities children syrup availability dropped reports mention server complications data additional concerns include error
91,manufacturing_issue,"In  Giza,  antidepressants  availability  has  dropped.  Reports  mention  capacity ...  and  complications  from  breakdown.  Additional  concerns  include  interruption.",1,-0.3612,7,giza antidepressants availability dropped reports mention capacity complications breakdown additional concerns include interruption
92,quality_control_issue,A  WEEKLY  REPORT  FROM  DELTA  REGION  CONNECTED  ANTIDEPRESSANTS  INSTABILITY  TO  LAB  AND  INVESTIGATION.  ADDITIONAL  CONCERNS  INCLUDE  CONTAMINATION.,1,0.0,5,weekly report delta region connected antidepressants instability lab investigation additional concerns include contamination
93,forecasting_error,"In Delta region, antidepressants availability has dropped. Reports mention estimate and complications from underestimated. Additional concerns include miscalculated.",1,-0.2732,6,delta region antidepressants availability dropped reports mention estimate complications underestimated additional concerns include miscalculated
94,it_system_failure,Ph@rm@cies in C@n@l cities reported issues with @ntico@gul@nts. They cited system @nd upd@te. Addition@l concerns include network.,0,0.0,1,ph rm cies c n l cities reported issues ntico gul nts cited system nd upd te addition l concerns include network
95,currency_issue,"IN NEW URBAN COMMUNITIES, CANCER MEDICINES AVAILABILITY HAS DROPPED. REPORTS MENTION CURRENCY AND COMPLICATIONS FROM DOLLAR. ADDITIONAL CONCERNS INCLUDE CURRENCY.",1,-0.6597,8,new urban communities cancer medicines availability dropped reports mention currency complications dollar additional concerns include currency
96,neutral_report,Pharmacies in new urban communities reported stable availability of antidepressants this week.,1,0.296,4,pharmacies new urban communities reported stable availability antidepressants week
97,neutral_report, No significant disruptions were noted for antibiotics in coastal governorates.,0,-0.1531,1,significant disruptions noted antibiotics coastal governorates
98,seasonal_variation, A  weekly  report  from  Canal  cities  connected  vitamins  instability  to  summer  and  trend.,1,0.0,5,weekly report canal cities connected vitamins instability summer trend
99,quality_control_issue,"In  new  urban  communities,  antibiotics  availability  has  dropped.  Reports  mention  lab  and  complications  from  nonconformity.  Additional  concerns  include  contamination.",1,0.0,5,new urban communities antibiotics availability dropped reports mention lab complications nonconformity additional concerns include contamination
100,demand_spike,Ph@rm@ci3s in Upp3r Egypt r3port3d issu3s with @sthm@ inh@l3rs. Th3y cit3d p@nic buying @nd spik3. Addition@l conc3rns includ3 unusu@l.,0,0.0,1,ph rm ci upp r egypt r port issu sthm inh l rs th cit p nic buying nd spik addition l conc rns includ unusu l
101,supplier_problem,Ph@rm@cies in Delt@ region reported issues with or@l rehydr@tion s@lts. They cited c@ncelled @nd c@p@city. Addition@l concerns include c@p@city.,0,0.3818,1,ph rm cies delt region reported issues l rehydr tion lts cited c ncelled nd c p city addition l concerns include c p city
102,contract_dispute,Pharmacies in Upper Egypt reported issues with antidepressants. They cited renewal and negotiation. Additional concerns include renewal.,0,0.0,1,pharmacies upper egypt reported issues antidepressants cited renewal negotiation additional concerns include renewal
103,neutral_report,Supply levels for antibiotics in Delta region remained normal. ,1,0.0,5,supply levels antibiotics delta region remained normal
104,currency_issue,"In Giza, antibiotics availability has dropped. Reports mention payment and complications from hard currency.",1,-0.1027,6,giza antibiotics availability dropped reports mention payment complications hard currency
105,import_delay,a  weekly  report  from  coastal  governorates  connected  oral  rehydration  salts  instability  to  import  and  queue.  additional  concerns  include  container.,2,0.0,10,weekly report coastal governorates connected oral rehydration salts instability import queue additional concerns include container
106,supplier_problem,A weekly report from Canal cities connected antihistamines instability to disruption and missed.,2,-0.5719,10,weekly report canal cities connected antihistamines instability disruption missed
107,neutral_report,No significant disruptions were noted for asthma inhalers in Delta region.,0,-0.1531,1,significant disruptions noted asthma inhalers delta region
108,neutral_report,Pharmacies in coastal governorates reported st ...able availability of antihistamines this week.,1,0.0,5,pharmacies coastal governorates reported st able availability antihistamines week
109,contract_dispute,Pharmacies in Alexandria reported issues with antibiotics. They cited pricing and terms. Additional concerns include clause.??,0,0.0,1,pharmacies alexandria reported issues antibiotics cited pricing terms additional concerns include clause
110,quality_control_issue,pharmacies in upper egypt reported issues with antidepressants. they cited quality and investigation. additional concerns include failed.??,0,-0.5106,3,pharmacies upper egypt reported issues antidepressants cited quality investigation additional concerns include failed
111,demand_spike,"In Canal cities, asthma inhalers availability has dropped. Reports mention sudden and complications from spike.",1,0.0,5,canal cities asthma inhalers availability dropped reports mention sudden complications spike
112,it_system_failure,"In Alexandria, IV fluids availability has dropped. Reports mention login and complications from update. Additional concerns include login.",1,0.0,5,alexandria iv fluids availability dropped reports mention login complications update additional concerns include login
113,seasonal_variation,"In Upper Egypt, or@l rehydr@tion s@lts @v@il@bility h@s dropped. Reports mention summer @nd complic@tions from holid@y. ",0,0.3818,1,upper egypt l rehydr tion lts v il bility h dropped reports mention summer nd complic tions holid
114,import_delay,Pharmacies in Alexandria reported issues with insulin. They cited stuck and inspection.,0,-0.25,1,pharmacies alexandria reported issues insulin cited stuck inspection
115,forecasting_error,"In Canal citi3s, oral r3hydration salts availability has dropp3d. R3ports m3ntion for3cast and complications from miscalculat3d. Additional conc3rns includ3 assumption.??",1,0.0,5,canal citi oral r hydration salts availability dropp r ports ntion cast complications miscalculat additional conc rns includ assumption
116,contract_dispute,Pharmacies in Giza reported issues with antihistamines. They cited disagreement and pricing. Additional concerns include pricing.,0,-0.3612,2,pharmacies giza reported issues antihistamines cited disagreement pricing additional concerns include pricing
117,neutral_report,Ph@rm@cies in C@n@l cities reported st@ble @v@il@bility of @ntico@gul@nts this week.,0,0.0,1,ph rm cies c n l cities reported st ble v il bility ntico gul nts week
118,quality_control_issue,A w33kly r3port from Canal citi3s conn3ct3d chil ...dr3n's syrup instability to out of sp3c and t3st.,1,0.0,5,w kly r port canal citi conn ct chil dr n syrup instability sp c st
119,neutral_report,Routine updates from Cairo showed no major issues for antidepressants.,0,0.0,1,routine updates cairo showed major issues antidepressants
120,storage_issue,Ph@rm@cies in new urb@n communities reported issues with insulin. They cited le@k @nd stor@ge. Addition@l concerns include spoil@ge.,0,0.0,1,ph rm cies new urb n communities reported issues insulin cited le k nd stor ge addition l concerns include spoil ge
121,demand_spike,Pharmacies in Alexandria reported issues with antihistamines. They cited increase and peak. Additional concerns include unusual.,0,0.3182,1,pharmacies alexandria reported issues antihistamines cited increase peak additional concerns include unusual
122,labor_shortage,Pharmaci3s in Giza r3port3d issu3s with antibiotics. Th3y cit3d training and shift.,0,0.0,1,pharmaci giza r port issu antibiotics th cit training shift
123,contract_dispute,Pharmacies in Canal cities reported issues with vitamins. They cited clause and delay. Additional concerns include cancellation. ??,1,-0.3182,7,pharmacies canal cities reported issues vitamins cited clause delay additional concerns include cancellation
124,currency_issue,Pharmacies in Giza reported issues with children's syrup. They cited inflation and foreign. Additional concerns include devaluation.,0,0.0,1,pharmacies giza reported issues children syrup cited inflation foreign additional concerns include devaluation
125,neutral_report, Supply levels for antiviral tablets in new urban communities remained normal.,1,0.0,5,supply levels antiviral tablets new urban communities remained normal
126,neutral_report, Supply levels for vitamins in new urban communities remained normal.,1,0.0,5,supply levels vitamins new urban communities remained normal
127,storage_issue,A  WEEKLY  REPORT  FROM  CAIRO  CONNECTED  ASTHMA  INHALERS  INSTABILITY  TO  STORAGE  AND  CONTAMINATION.  ADDITIONAL  CONCERNS  INCLUDE  EXPIRED.,1,0.0,5,weekly report cairo connected asthma inhalers instability storage contamination additional concerns include expired
128,forecasting_error,"In Cairo, blood pressure drugs availability has dropped. Reports mention miscalculated and complications from forecast. Additional concerns include projection.",1,-0.296,6,cairo blood pressure drugs availability dropped reports mention miscalculated complications forecast additional concerns include projection
129,labor_shortage,"In  D3lta  r3gion,  painkill3rs  availability  has  dropp3d.  R3ports  m3ntion  r3signations  and  complications  from  sick  l3av3.",1,-0.5106,8,lta r gion painkill rs availability dropp r ports ntion r signations complications sick l av
130,neutral_report,Supply l3v3ls for anticoagulants ... in D3lta r3gion r3main3d normal.,1,0.0,5,supply l v ls anticoagulants lta r gion r main normal
131,it_system_failure, PHARMACIES IN COASTAL GOVERNORATES REPORTED ISSUES WITH ANTICOAGULANTS. THEY CITED OFFLINE AND BUG.,0,-0.128,1,pharmacies coastal governorates reported issues anticoagulants cited offline bug
132,quality_control_issue,A  weekly  report  from  Alexandria  connected  antidepressants  instability  to  investigation  and  failed.??,1,-0.5106,8,weekly report alexandria connected antidepressants instability investigation failed
133,import_delay,"In coastal governorates, antidepressants availability has dropped. Reports mention inspection and complications from clearance.",1,0.0,5,coastal governorates antidepressants availability dropped reports mention inspection complications clearance
134,it_system_failure,A WEEKLY REPORT FROM COASTAL GOVERNORATES CONNECTED ANTIHISTAMINES INSTABILITY TO CRASH AND SYSTEM.,1,-0.4019,7,weekly report coastal governorates connected antihistamines instability crash system
135,manufacturing_issue,Pharmacies in new urban communities reported issues ... with antibiotics. They cited production and defect.,0,-0.34,2,pharmacies new urban communities reported issues antibiotics cited production defect
136,neutral_report,No significant disruptions were noted for antiviral tablets in Delta region.,0,-0.1531,1,significant disruptions noted antiviral tablets delta region
137,manufacturing_issue,A weekly report from Alex@ndri@ connected @ntivir@l t@blets inst@bility to rep@ir @nd defect.??,0,-0.34,2,weekly report alex ndri connected ntivir l blets inst bility rep ir nd defect
138,quality_control_issue, A weekly report from Giza connected IV f ...luids instability to impurity and failed.,1,-0.5106,8,weekly report giza connected iv f luids instability impurity failed
139,neutral_report,Reports from Upper Egypt indicated stable distribution of cancer medicines.,0,-0.4939,2,reports upper egypt indicated stable distribution cancer medicines
140,seasonal_variation,"In new urban communities, vitamins availability has dropped. Reports mention wave and complications from winter.",1,0.0,5,new urban communities vitamins availability dropped reports mention wave complications winter
141,neutral_report,NO SIGNIFICANT DISRUPTIONS WERE NOTED FOR INSULIN IN DELTA REGION.,0,-0.1531,1,significant disruptions noted insulin delta region
142,labor_shortage,"In Upp3r Egypt, antibiotics availability has dropp3d. R3 ...ports m3ntion vacancy and complications from sick l3av3.",1,-0.5106,8,upp r egypt antibiotics availability dropp r ports ntion vacancy complications sick l av
143,forecasting_error,Pharmacies in Delta region reported issues with painkillers. They cited unexpected and assumption. ,0,0.0,1,pharmacies delta region reported issues painkillers cited unexpected assumption
144,distribution_center_issue,pharmacies  in  cairo  reported  issues  with  insulin.  they  cited  hub  and  bottleneck.,0,0.0,1,pharmacies cairo reported issues insulin cited hub bottleneck
145,neutral_report, Reports from Alexandria indicated stable distribution of asthma inhalers. ,0,0.296,1,reports alexandria indicated stable distribution asthma inhalers
146,distribution_center_issue,"In Upper Egypt, IV fluids availability has dropped. Reports mention backlog and complications from operations.",1,0.0,5,upper egypt iv fluids availability dropped reports mention backlog complications operations
147,quality_control_issue,A  WEEKLY  REPORT  FROM  GIZA  CONNECTED  BLOOD  PRESSURE  DRUGS  INSTABILITY  TO  LAB  AND  TEST.,1,-0.296,6,weekly report giza connected blood pressure drugs instability lab test
148,labor_shortage, A weekly report from Alexandria connected children's syrup instability to strike and training. Additional concerns include shortage.,2,-0.3612,10,weekly report alexandria connected children syrup instability strike training additional concerns include shortage
149,quality_control_issue,A weekly report from Canal cities connected children's syrup instability to defect and nonconformity. Additional concerns include out of spec.,1,-0.34,7,weekly report canal cities connected children syrup instability defect nonconformity additional concerns include spec
150,contract_dispute,"In new urb@n communities, vit@mins @v@il@bility h@s dropped. Reports mention renew@l @nd complic@tions from negoti@tion.",0,0.0,1,new urb n communities vit mins v il bility h dropped reports mention renew l nd complic tions negoti tion
151,distribution_center_issue,A weekly report from Cairo connected insulin instability to slowdown and backlog. ,1,0.0,5,weekly report cairo connected insulin instability slowdown backlog
152,storage_issue,A weekly report from Canal cities connected children's syrup instability to temperature and humidity. Additional concerns include expired.,1,0.0,5,weekly report canal cities connected children syrup instability temperature humidity additional concerns include expired
153,regulation_issue,Pharmaci3s in D3lta r3gion r3port3d issu3s with IV fluids. Th3 ...y cit3d bann3d and p3nalty. Additional conc3rns includ3 bann3d.,0,0.0,1,pharmaci lta r gion r port issu iv fluids th cit bann p nalty additional conc rns includ bann
154,forecasting_error,A weekly report from new urban communities connected oral rehydration salts instability to estimate and scenario.??,1,0.0,5,weekly report new urban communities connected oral rehydration salts instability estimate scenario
155,quality_control_issue,Pharmacies in Upper Egypt reported issues with blood pressure drugs. They cited out of spec and failed. Additional concerns include quality.,0,-0.6705,3,pharmacies upper egypt reported issues blood pressure drugs cited spec failed additional concerns include quality
156,distribution_center_issue, A weekly report from Upper Egypt connected blood pressure drugs instability to slowdown and loading. Additional concerns include operations.,1,-0.296,6,weekly report upper egypt connected blood pressure drugs instability slowdown loading additional concerns include operations
157,contract_dispute,"IN CAIRO, ANTIHISTAMINES AVAILABILITY HAS DROPPED. REPORTS MENTION CLAUSE AND COMPLICATIONS FROM RENEWAL. ADDITIONAL CONCERNS INCLUDE PENALTY.",1,-0.4588,7,cairo antihistamines availability dropped reports mention clause complications renewal additional concerns include penalty
158,supplier_problem,Ph@rm@cies in Alex@ndri@ reported issues with blood pressure drugs. They cited c@p@city @nd missed. Addition@l concerns include disruption.,1,-0.7096,9,ph rm cies alex ndri reported issues blood pressure drugs cited c p city nd missed addition l concerns include disruption
159,labor_shortage,"IN COASTAL GOVERNORATES, IV FLUIDS AVAILABILITY HAS DROPPED. REPORTS MENTION STAFF AND COMPLICATIONS FROM LABOR. ADDITIONAL CONCERNS INCLUDE SICK LEAVE.",1,-0.5423,8,coastal governorates iv fluids availability dropped reports mention staff complications labor additional concerns include sick leave
160,forecasting_error, A weekly report from coastal governorates connected insulin instability to miscalculated and projection.??,1,0.0,5,weekly report coastal governorates connected insulin instability miscalculated projection
161,seasonal_variation,"In Upper Egypt, IV fluids @v@il@bility h@s dropped. Reports mention virus @nd complic@tions from se@son.",0,0.0,1,upper egypt iv fluids v il bility h dropped reports mention virus nd complic tions se son
162,distribution_center_issue,"In Upper Egypt, @ntidepress@nts @v@il@bility h@s dropped. Reports mention distribution center @nd complic@tions from hub. Addition@l concerns include oper@tions.",0,0.0,1,upper egypt ntidepress nts v il bility h dropped reports mention distribution center nd complic tions hub addition l concerns include oper tions
163,neutral_report,reports from c@iro indic@ted st@ble distribution of vit@mins.,0,0.0,1,reports c iro indic ted st ble distribution vit mins
164,seasonal_variation, Pharmacies in Upper Egypt reported issues with insulin. They cited summer and seasonal. Additional concerns include season.,0,0.0,1,pharmacies upper egypt reported issues insulin cited summer seasonal additional concerns include season
165,demand_spike,Ph@rm@cies in C@iro reported issues with @ntidepress@nts. They cited sudden @nd dem@nd. Addition@l concerns include high.,0,0.0,1,ph rm cies c iro reported issues ntidepress nts cited sudden nd dem nd addition l concerns include high
166,currency_issue,A weekly report from coastal governorates connected oral rehydration salts instability to price and currency. Additional concerns include foreign.,1,0.0,5,weekly report coastal governorates connected oral rehydration salts instability price currency additional concerns include foreign
167,import_delay,"In Upper Egypt, painkillers availability has dropped. Reports mention ho ...ld and complications from customs. Additional concerns include shipment. ",1,0.0,5,upper egypt painkillers availability dropped reports mention ho ld complications customs additional concerns include shipment
168,forecasting_error,  Pharmacies in coastal governorates reported issues with oral rehydration salts. They cited underestimated and estimate.,0,-0.2732,1,pharmacies coastal governorates reported issues oral rehydration salts cited underestimated estimate
169,manufacturing_issue,Ph@rm@cies in C@n@l cities reported issues with @ntibiotics. They cited bre@kdown @nd production. Addition@l concerns include line.??,0,0.0,1,ph rm cies c n l cities reported issues ntibiotics cited bre kdown nd production addition l concerns include line
170,neutral_report,Pharmacies in Upper Egypt reported stable availability of IV fluids this week.,1,0.296,4,pharmacies upper egypt reported stable availability iv fluids week
171,import_delay,A weekly report from Delta region connected vitamins instability to dock and container.,1,0.0,5,weekly report delta region connected vitamins instability dock container
172,supplier_problem," In Cairo, painkillers availability has dropped. Reports mention disruption and complications from capacity. Additional concerns include under-performing.",2,-0.3612,10,cairo painkillers availability dropped reports mention disruption complications capacity additional concerns include performing
173,quality_control_issue,Pharmacies in Delta region reported issues with painkillers. T ...hey cited quality and defect. Additional concerns include lab.,0,-0.34,2,pharmacies delta region reported issues painkillers hey cited quality defect additional concerns include lab
174,neutral_report,Reports from Canal cities indicated stable distribution of IV fluids.,0,0.296,1,reports canal cities indicated stable distribution iv fluids
175,currency_issue,"In Alexandria, antibiotics availability has dropped. Reports mention price and complications from hard currency. Additional concerns include payment.",1,-0.1027,6,alexandria antibiotics availability dropped reports mention price complications hard currency additional concerns include payment
176,it_system_failure,Pharmacies in Delta region reported issues with asthma inhalers. They cited bug and data. Additional concerns include software. ,0,0.0,1,pharmacies delta region reported issues asthma inhalers cited bug data additional concerns include software
177,demand_spike,"In Giza, cancer medicines availability has dropped. Reports mention shortage and complications from peak.",2,-0.7506,10,giza cancer medicines availability dropped reports mention shortage complications peak
178,currency_issue, A  weekly  report  from  Canal  cities  connected  IV  fluids  instability  to  price  and  inflation.,1,0.0,5,weekly report canal cities connected iv fluids instability price inflation
179,demand_spike,a  weekly  report  from  cairo  connected  children's  syrup  instability  to  unusual  and  spike.,1,0.0,5,weekly report cairo connected children syrup instability unusual spike
180,manufacturing_issue,"In co@st@l governor@tes, blood pressure drugs @v@il@bility h@s dropped. Reports mention rep@ir @nd complic@tions from m@inten@nce. Addition@l concerns include shutdown.",0,-0.296,1,co st l governor tes blood pressure drugs v il bility h dropped reports mention rep ir nd complic tions inten nce addition l concerns include shutdown
181,regulation_issue,pharmacies in cairo reported issues with insulin. they cited penalty and warning. additional concerns include banned.,0,-0.8126,4,pharmacies cairo reported issues insulin cited penalty warning additional concerns include banned
182,labor_shortage,"in alexandria, insulin availability has dropped. reports mention staff and complications from resignations. additional concerns include turnover.??",1,-0.296,6,alexandria insulin availability dropped reports mention staff complications resignations additional concerns include turnover
183,neutral_report,Supply levels for blood pressure drugs in coastal governorates remained normal.,1,-0.296,6,supply levels blood pressure drugs coastal governorates remained normal
184,regulation_issue,"In Cairo, antid3pr3ssants availability has dropp3d. R3ports m3ntion lic3ns3 and complications from r3call.",1,0.0,5,cairo antid pr ssants availability dropp r ports ntion lic ns complications r call
185,quality_control_issue,"In  Canal  cities,  IV  fluids  availability  has  dropped.  Reports  mention  complaint  and  complications  from  test.  Additional  concerns  include  nonconformity.??",1,-0.296,6,canal cities iv fluids availability dropped reports mention complaint complications test additional concerns include nonconformity
186,labor_shortage,A weekly report from Delta region connected blood pressure drugs instability to strike and sick leave.,1,-0.7351,9,weekly report delta region connected blood pressure drugs instability strike sick leave
187,demand_spike,"IN GIZA, ANTIHISTAMINES AVAILABILITY HAS DROPPED. REPORTS MENTION HIGH AND COMPLICATIONS FROM DEMAND. ",2,-0.128,10,giza antihistamines availability dropped reports mention high complications demand
188,supplier_problem,A weekly report from Giz@ connected p@inkillers inst@bility to c@ncelled @nd c@p@city. Addition@l concerns include supplier. ,0,0.0,1,weekly report giz connected p inkillers inst bility c ncelled nd c p city addition l concerns include supplier
189,neutral_report,Ph@rm@ci3s in C@iro r3port3d st@bl3 @v@il@bility of @ntibiotics this w33k.,0,0.5106,1,ph rm ci c iro r port st bl v il bility ntibiotics w k
190,supplier_problem,Pharmacies in Upper Egypt reported issues with oral rehydration salts. They cited late and under-performing.,0,0.0,1,pharmacies upper egypt reported issues oral rehydration salts cited late performing
191,seasonal_variation,a weekly report from canal cities connected insulin instabil ...ity to holiday and winter. additional concerns include trend.,0,0.4019,1,weekly report canal cities connected insulin instabil ity holiday winter additional concerns include trend
192,manufacturing_issue,A weekly report from new urban communities connected oral rehydration salts instability to production and factory. Additional concerns include repair.,1,0.0,5,weekly report new urban communities connected oral rehydration salts instability production factory additional concerns include repair
193,supplier_problem,A weekly report from Delta region connected antiviral tablets instability to backlog and under-performing. Additional concerns include missed.,1,-0.296,6,weekly report delta region connected antiviral tablets instability backlog performing additional concerns include missed
194,regulation_issue,A weekly report from coastal governorates connected antiviral tablets instability to warning and approval. Additional concerns include inspection.,1,0.1779,4,weekly report coastal governorates connected antiviral tablets instability warning approval additional concerns include inspection
195,import_delay,Pharmacies in Alexandria reported issues with children's syrup. They cited import and customs. Additional concerns include inspection.,1,0.0,5,pharmacies alexandria reported issues children syrup cited import customs additional concerns include inspection
196,seasonal_variation,Pharmacies in Delta region reported issues with antiviral tablets. They cited festive and trend. Additional concerns include trend.,0,0.4588,1,pharmacies delta region reported issues antiviral tablets cited festive trend additional concerns include trend
197,forecasting_error,"In  coastal  governorates,  cancer  medicines  availability  has  dropped.  Reports  mention  planning  and  complications  from  underestimated.  Additional  concerns  include  projection.",1,-0.7579,9,coastal governorates cancer medicines availability dropped reports mention planning complications underestimated additional concerns include projection
198,manufacturing_issue,A weekly report from Giza connected insulin instability to factory and breakdown.,1,0.0,5,weekly report giza connected insulin instability factory breakdown
199,demand_spike,Pharmacies in Delta region reported issues with anticoagulants. They cited demand and shortage. Additional concerns include demand.,3,-0.4588,10,pharmacies delta region reported issues anticoagulants cited demand shortage additional concerns include demand
200,demand_spike,Ph@rm@cies in co@st@l governor@tes reported issues with vit@mins. They cited surge @nd dem@nd. Addition@l concerns include high. ,0,0.0,1,ph rm cies co st l governor tes reported issues vit mins cited surge nd dem nd addition l concerns include high
201,seasonal_variation,"In Upper Egypt, painkillers availability has dropped. Reports mention flu and complications from cold. Additional concerns include festive.",1,0.1027,4,upper egypt painkillers availability dropped reports mention flu complications cold additional concerns include festive
202,supplier_problem,A weekly report from Upper Egypt connected child ...ren's syrup instability to missed and unreliable.,1,-0.296,6,weekly report upper egypt connected child ren syrup instability missed unreliable
203,manufacturing_issue,A weekly report from Upper Egypt connected antiviral tablets instability to repair and shutdown.,1,0.0,5,weekly report upper egypt connected antiviral tablets instability repair shutdown
204,neutral_report,No significant disruptions were noted f ...or blood pressure drugs in Delta region.,0,-0.4215,2,significant disruptions noted f blood pressure drugs delta region
205,storage_issue,A    weekly    report    from    Giza    connected    vitamins    instability    to    temperature    and    fridge.,1,0.0,5,weekly report giza connected vitamins instability temperature fridge
206,neutral_report,Pharmacies in Alexandria reported stab ...le availability of IV fluids this week.,1,-0.5859,8,pharmacies alexandria reported stab le availability iv fluids week
207,neutral_report,Supply levels for blood pressure drugs in Alexandria remained normal. ,1,-0.296,6,supply levels blood pressure drugs alexandria remained normal
208,distribution_center_issue,Pharmacies in new urban communities reported issues with blood pressure drugs. They cited loading and slowdown. Additional concerns include queue.,0,-0.296,1,pharmacies new urban communities reported issues blood pressure drugs cited loading slowdown additional concerns include queue
209,seasonal_variation,"In new urban communities, blood pressure drugs availability has dropped. Reports mention allergy and complications from heat.",1,-0.296,6,new urban communities blood pressure drugs availability dropped reports mention allergy complications heat
210,demand_spike,pharmacies in cairo reported issues with antihistamines. they cited demand and peak. additional concerns include rush.??,1,-0.128,6,pharmacies cairo reported issues antihistamines cited demand peak additional concerns include rush
211,seasonal_variation,A weekly report from Alexandria connected blood pressure drugs instability to seasonal and wave. Additional concerns include virus.,1,-0.296,6,weekly report alexandria connected blood pressure drugs instability seasonal wave additional concerns include virus
212,it_system_failure,A w33kly r3port from Cairo conn3ct3d oral r3hydration salts instability to n3twork and slow. Additional conc3rns includ3 offlin3.,1,0.0,5,w kly r port cairo conn ct oral r hydration salts instability n twork slow additional conc rns includ offlin
213,currency_issue,A w33kly r3port from coastal gov3rnorat3s conn3ct3d antibiotics instability to bank and 3xchang3.,1,0.0,5,w kly r port coastal gov rnorat conn ct antibiotics instability bank xchang
214,forecasting_error,A weekly report from Delta region connected children's syrup instability to projection and underestimated. Additional concerns include assumption.,1,-0.2732,6,weekly report delta region connected children syrup instability projection underestimated additional concerns include assumption
215,currency_issue,A w33kly r3port from D3lta r3gion conn3ct3d asthma inhal3rs instability to inflation and 3xchang3. Additional conc3rns includ3 hard curr3ncy. ,1,-0.1027,6,w kly r port lta r gion conn ct asthma inhal rs instability inflation xchang additional conc rns includ hard curr ncy
216,storage_issue," In Alexandria, cancer medicines availability has dropped. Reports mention leak and complications from spoilage. Additional concerns include mold.??",1,-0.7783,9,alexandria cancer medicines availability dropped reports mention leak complications spoilage additional concerns include mold
217,distribution_center_issue,"In Giza, oral rehydration salts availability has dropped. Reports mention backlog and complications from slowdown. ",1,0.0,5,giza oral rehydration salts availability dropped reports mention backlog complications slowdown
218,storage_issue,a weekly report from cairo connected anticoagulants instability to spoilage and fridge. additional concerns include warehouse.,1,0.0,5,weekly report cairo connected anticoagulants instability spoilage fridge additional concerns include warehouse
219,neutral_report,Supply levels for insulin in Cairo remained normal.,1,0.0,5,supply levels insulin cairo remained normal
220,forecasting_error,A WEEKLY REPORT FROM GIZA CONNECTED CHILDREN'S SYRUP INSTABILITY TO ESTIMATE AND TREND.,1,0.0,5,weekly report giza connected children syrup instability estimate trend
221,it_system_failure,pharmacies in cairo reported issues with asthma inhalers. they cited downtime and software. additional concerns include update.,0,0.0,1,pharmacies cairo reported issues asthma inhalers cited downtime software additional concerns include update
222,forecasting_error,A  w33kly  r3port  from  n3w  urban  communiti3s  conn3ct3d  oral  r3hydration  salts  instability  to  ov3r3stimat3d  and  proj3ction.,1,0.0,5,w kly r port n w urban communiti conn ct oral r hydration salts instability ov r stimat proj ction
223,supplier_problem,A weekly report from new urban communities connected vitamins instability to capacity and quota.,1,0.0,5,weekly report new urban communities connected vitamins instability capacity quota
224,labor_shortage,"IN  CAIRO,  INSULIN  AVAILABILITY  HAS  DROPPED.  REPORTS  MENTION  RESIGNATIONS  AND  COMPLICATIONS  FROM  ABSENT.",1,-0.296,6,cairo insulin availability dropped reports mention resignations complications absent
225,manufacturing_issue,"In Canal cities, antihistamines availability has dropped. Reports mention capacity and complications from production.??",1,0.0,5,canal cities antihistamines availability dropped reports mention capacity complications production
226,supplier_problem,A weekly report from new urban communities connected cancer medicines instability to backlog and supplier. Additional concerns include backlog.,1,-0.6597,8,weekly report new urban communities connected cancer medicines instability backlog supplier additional concerns include backlog
227,it_system_failure,Pharmacies in Giza reported issues with IV fluids. They cited error and slow.,0,-0.4019,2,pharmacies giza reported issues iv fluids cited error slow
228,contract_dispute,"In Canal cities, asthma inhalers availability has dropped. Reports mention renewal and complications from terms. Additional concerns include renewal.",1,0.0,5,canal cities asthma inhalers availability dropped reports mention renewal complications terms additional concerns include renewal
229,currency_issue,A weekly report from Upper Egypt connected antibiotics instability to currency and hard currency.,1,-0.1027,6,weekly report upper egypt connected antibiotics instability currency hard currency
230,transport_issue,Pharmaci3s in Canal citi3s r3port3d issu3s with painkill3rs. Th3y  ...cit3d traffic and cong3stion. Additional conc3rns includ3 accid3nt.,0,0.0,1,pharmaci canal citi r port issu painkill rs th cit traffic cong stion additional conc rns includ accid nt
231,forecasting_error,A weekly report from Upper Egypt connected painkillers instability to underestimated and overestimated. Additional concerns include forecast.??,1,-0.2732,6,weekly report upper egypt connected painkillers instability underestimated overestimated additional concerns include forecast
232,currency_issue,a weekly report from new urban communities connected blood pressure drugs instability to inflation and exchange. additional concerns include rate.,1,-0.296,6,weekly report new urban communities connected blood pressure drugs instability inflation exchange additional concerns include rate
233,neutral_report, Pharmacies in Cairo reported stable availability of asthma inhalers this week.,1,0.296,4,pharmacies cairo reported stable availability asthma inhalers week
234,regulation_issue,A WEEKLY REPORT FROM GIZA CONNECTED VITAMINS INSTABILITY TO APPROVAL AND LICENSE. ADDITIONAL CONCERNS INCLUDE LICENSE.,1,0.4767,3,weekly report giza connected vitamins instability approval license additional concerns include license
235,storage_issue,"In new urban communities, cancer medicines availability has dropped. Reports mention spoilage and complications from fridge.",1,-0.6597,8,new urban communities cancer medicines availability dropped reports mention spoilage complications fridge
236,forecasting_error, A weekly report from new urban communities connected antidepressants instability to miscalculated and estimate.,1,0.0,5,weekly report new urban communities connected antidepressants instability miscalculated estimate
237,supplier_problem,"In Cairo, children's syrup availability has dropped. Reports mention limit and complications from under-performing. Additional concerns include late.",1,0.0,5,cairo children syrup availability dropped reports mention limit complications performing additional concerns include late
238,supplier_problem,A w33kly r3port from n3w urban communiti3s conn3ct3d childr3n's syrup instability to suppli3r and und3r-p3rforming. Additional conc3rns includ3 canc3ll3d.,1,0.0,5,w kly r port n w urban communiti conn ct childr n syrup instability suppli r und r p rforming additional conc rns includ canc
239,neutral_report,ROUTINE UPDATES FROM COASTAL GOVERNORATES SHOWED NO MAJOR ISSUES FOR BLOOD PRESSURE DRUGS. ,0,-0.296,1,routine updates coastal governorates showed major issues blood pressure drugs
240,neutral_report,supply levels for blood pressure drugs in alexandria remained normal.,1,-0.296,6,supply levels blood pressure drugs alexandria remained normal
241,neutral_report,Routine updates from Upper Egypt showed no major issues for asthma inhalers.,0,0.0,1,routine updates upper egypt showed major issues asthma inhalers
242,transport_issue,Pharmacies in Alexandria reported issues with anticoagulants. They cited detour and accident. Additional concerns include traffic.,0,-0.4767,2,pharmacies alexandria reported issues anticoagulants cited detour accident additional concerns include traffic
243,labor_shortage, A weekly report from coastal governorates connected vitamins instability to staff and strike. Additional concerns include sick leave.,1,-0.6124,8,weekly report coastal governorates connected vitamins instability staff strike additional concerns include sick leave
244,seasonal_variation," In new urban communities, blood pressure drugs availability has dropped. Reports mention cold and complications from festive. Additional concerns include festive. ",1,0.5859,2,new urban communities blood pressure drugs availability dropped reports mention cold complications festive additional concerns include festive
245,storage_issue, A weekly report from Alexandria connected anticoagulants instability to expired and humidity. Additional concerns include expired.,1,0.0,5,weekly report alexandria connected anticoagulants instability expired humidity additional concerns include expired
246,manufacturing_issue,"In coastal gov3rnorat3s, insulin availability has dropp3d. R3ports m3ntion batch and complications from br3akdown. Additional conc3rns includ3 production.",1,0.0,5,coastal gov rnorat insulin availability dropp r ports ntion batch complications br akdown additional conc rns includ production
247,distribution_center_issue,"in canal cities, insulin availability has dropped. reports mention hub and complications from capacity. additional concerns include processing.",1,0.0,5,canal cities insulin availability dropped reports mention hub complications capacity additional concerns include processing
248,neutral_report,R3ports from Al3xandria indicat3d stabl3 distribution of asthma inhal3rs.,0,0.0,1,r ports al xandria indicat stabl distribution asthma inhal rs
249,labor_shortage,Pharmacies in new urban communities reported issues with IV fluids. They cited turnover and vacancy. Additional concerns include absent.,0,0.0,1,pharmacies new urban communities reported issues iv fluids cited turnover vacancy additional concerns include absent
250,distribution_center_issue,Pharmacies in coastal governorates reported issues with painkillers. They cited loading and capacity. Additional concerns include backlog.,0,0.0,1,pharmacies coastal governorates reported issues painkillers cited loading capacity additional concerns include backlog
251,quality_control_issue,"In Canal cities, antibiotics availability has dropped. Reports mention defect and complications from complaint. Additional concerns include test.",1,-0.5574,8,canal cities antibiotics availability dropped reports mention defect complications complaint additional concerns include test
252,neutral_report,Routine  updates  from  Giza  showed  no  major  issues  for  oral  rehydration  salts.,0,0.0,1,routine updates giza showed major issues oral rehydration salts
253,quality_control_issue,"In new urb@n communities, @ntico@gul@nts @v@il@bility h@s dropped. Reports mention nonconformity @nd complic@tions from f@iled. Addition@l concerns include compl@int.",0,0.0,1,new urb n communities ntico gul nts v il bility h dropped reports mention nonconformity nd complic tions f iled addition l concerns include compl int
254,it_system_failure,a  weekly  report  from  new  urban  communities  connected  iv  fluids  instability  to  crash  and  system.,1,-0.4019,7,weekly report new urban communities connected iv fluids instability crash system
255,storage_issue,pharmacies in upper egypt reported issues with oral rehydration salts. they cited power cut and humidity.,0,-0.2732,1,pharmacies upper egypt reported issues oral rehydration salts cited power cut humidity
256,neutral_report,NO SIGNIFICANT DISRUPTIONS WERE NOTED FOR ASTHMA INHALERS IN ALEXANDRIA.,0,-0.1531,1,significant disruptions noted asthma inhalers alexandria
257,neutral_report,No significant disruptions were noted for IV fluids in new urban communities.,0,-0.1531,1,significant disruptions noted iv fluids new urban communities
258,currency_issue,A weekly report from Upper Egypt connected children's syrup instability to foreign and inflation.,1,0.0,5,weekly report upper egypt connected children syrup instability foreign inflation
259,currency_issue,A weekly report from new urban communities connected antibiotics inst ...ability to payment and foreign. Additional concerns include reserve.??,0,0.3182,1,weekly report new urban communities connected antibiotics inst ability payment foreign additional concerns include reserve
260,storage_issue,A weekly report from Upper Egypt connected child . .....ren's syrup instability to expired and power cut.,1,-0.2732,6,weekly report upper egypt connected child ren syrup instability expired power cut
261,import_delay,A w33kly r3port from coastal gov3rnorat3s conn3ct3d anticoagulants instability to stuck and cl3aranc3. Additional conc3rns includ3 shipm3nt.,1,-0.25,6,w kly r port coastal gov rnorat conn ct anticoagulants instability stuck cl aranc additional conc rns includ shipm nt
262,it_system_failure,PHARMACIES IN GIZA REPORTED ISSUES WITH INSULIN. THEY CITED NETWORK AND LOGIN. ADDITIONAL CONCERNS INCLUDE BUG.??,0,0.0,1,pharmacies giza reported issues insulin cited network login additional concerns include bug
263,regulation_issue,Pharmacies in Canal cities reported issues with antiviral tablets. They cited recall and approval. Additional concerns include banned.,0,0.0258,1,pharmacies canal cities reported issues antiviral tablets cited recall approval additional concerns include banned
264,manufacturing_issue,Pharmacies in Alexandria reported issues with anticoagulants. They cited breakdown and repair. Additional concerns include shutdown.,0,0.0,1,pharmacies alexandria reported issues anticoagulants cited breakdown repair additional concerns include shutdown
265,currency_issue,A weekly report from new urban communities connected insulin instability to reserve and price.,1,0.0,5,weekly report new urban communities connected insulin instability reserve price
266,neutral_report, No significant disruptions were noted for antidepressants in Upper Egypt.??,0,-0.1531,1,significant disruptions noted antidepressants upper egypt
267,seasonal_variation,PHARMACIES IN DELTA REGION REPORTED ISSUES WITH ORAL REHYDRATION SALTS. THEY CITED FESTIVE AND ALLERGY. ADDITIONAL CONCERNS INCLUDE TREND. ,0,0.4588,1,pharmacies delta region reported issues oral rehydration salts cited festive allergy additional concerns include trend
268,regulation_issue,pharmacies in coastal governorates reported issues with antiviral tablets. they cited warning and new rules.,0,-0.34,2,pharmacies coastal governorates reported issues antiviral tablets cited warning new rules
269,labor_shortage,A weekly report from Cairo connected anticoagulants instability to sick leave and strike.,1,-0.6124,8,weekly report cairo connected anticoagulants instability sick leave strike
270,demand_spike,A  weekly  report  from  Cairo  connected  blood  pressure  drugs  instabilit  ...y  to  shortage  and  panic  buying.  Additional  concerns  include  unusual.,1,-0.7579,9,weekly report cairo connected blood pressure drugs instabilit shortage panic buying additional concerns include unusual
271,manufacturing_issue, A weekly report from Canal cities connected cancer medicines instability to interruption and batch.,1,-0.7845,9,weekly report canal cities connected cancer medicines instability interruption batch
272,demand_spike,A weekly report from Cairo connected asthma inhalers instability to unusual and sudden. Additional concerns include demand. ,2,-0.128,10,weekly report cairo connected asthma inhalers instability unusual sudden additional concerns include demand
273,demand_spike,A weekly report from coastal governorates connected cancer medicines instability to peak and shortage.,2,-0.7506,10,weekly report coastal governorates connected cancer medicines instability peak shortage
274,neutral_report,no significant disruptions were noted for asthma inhalers in giza.,0,-0.1531,1,significant disruptions noted asthma inhalers giza
275,supplier_problem,"In n3w urban communiti3s, childr3n's syrup availability has dropp3d. R3ports m3ntion miss3d and complications from quota. Additional conc3rns includ3 lat3.",1,-0.1531,6,n w urban communiti childr n syrup availability dropp r ports ntion miss complications quota additional conc rns includ lat
276,currency_issue, A weekly report from Giz@ connected blood pressure drugs inst@bility to reserve @nd foreign. Addition@l concerns include b@nk.,0,-0.296,1,weekly report giz connected blood pressure drugs inst bility reserve nd foreign addition l concerns include b nk
277,regulation_issue,"In Upper Egypt, cancer medicines availability has dropped. Reports mention regulation and complications from approval. Additional concerns include inspection. ",1,-0.3182,7,upper egypt cancer medicines availability dropped reports mention regulation complications approval additional concerns include inspection
278,manufacturing_issue,A weekly report from Giza connected asthma inhalers instability to breakdown and line. Additional concerns include capacity.,1,0.0,5,weekly report giza connected asthma inhalers instability breakdown line additional concerns include capacity
279,manufacturing_issue,A  weekly  report  from  Canal  cities  connected  antibiotics  instability  to  repair  and  shutdown.,1,0.0,5,weekly report canal cities connected antibiotics instability repair shutdown
280,transport_issue,"in alexandria, cancer medicines availability has dropped. reports mention blocked and complications from transport.",1,-0.7579,9,alexandria cancer medicines availability dropped reports mention blocked complications transport
281,transport_issue,"In C@iro, childr3n's syrup @v@il@bility h@s dropp3d. R3ports m3ntion cong3stion @nd complic@tions from block3d. Addition@l conc3rns includ3 d3tour.",0,-0.4404,2,c iro childr n syrup v il bility h dropp r ports ntion cong stion nd complic tions block addition l conc rns includ tour
282,it_system_failure,Pharmacies in Cairo reported issues with antibiotics. They cited crash and system. Additional concerns include bug. ,0,-0.4019,2,pharmacies cairo reported issues antibiotics cited crash system additional concerns include bug
283,neutral_report,Routine updates from Canal cities showed no major issues for children's syrup.,0,0.0,1,routine updates canal cities showed major issues children syrup
284,neutral_report,Reports from Giz@ indic@ted st@ble distribution of insulin.,0,0.0,1,reports giz indic ted st ble distribution insulin
285,seasonal_variation,pharmacies in delta region reported issues with anticoagulants. they cited trend and wave.,0,0.0,1,pharmacies delta region reported issues anticoagulants cited trend wave
286,import_delay,Pharmacies  in  Delta  region  reported  issues  with  antidepressants.  They  cited  queue  and  hold.  Additional  concerns  include  hold.  ,0,0.0,1,pharmacies delta region reported issues antidepressants cited queue hold additional concerns include hold
287,manufacturing_issue,Pharmacies in new urban communities reported issues with vitamins. They cited defect and line. Additional concerns include production.,0,-0.34,2,pharmacies new urban communities reported issues vitamins cited defect line additional concerns include production
288,regulation_issue,A weekly report from Upper Egypt connected insulin instability to compliance and restriction.,1,-0.2732,6,weekly report upper egypt connected insulin instability compliance restriction
289,demand_spike,A weekly report from Giza connected painkillers instabili ...ty to unusual and high. Additional concerns include spike.,0,0.3818,1,weekly report giza connected painkillers instabili ty unusual high additional concerns include spike
290,import_delay,"In Canal cities, vitamins availability has dropped. Reports mention stuck and complications from dock.",1,-0.25,6,canal cities vitamins availability dropped reports mention stuck complications dock
291,neutral_report,routine updates from delta region showed no major issues for insulin. ,0,0.0,1,routine updates delta region showed major issues insulin
292,contract_dispute,"In Upp3r Egypt, IV fluids availability has dropp3d. R3ports m3ntion cla ...us3 and complications from contract. Additional conc3rns includ3 d3lay.",1,0.0,5,upp r egypt iv fluids availability dropp r ports ntion cla us complications contract additional conc rns includ lay
293,neutral_report,Supply levels for painkillers in Cairo remained normal.,1,0.0,5,supply levels painkillers cairo remained normal
294,neutral_report, Pharmacies in Upper Egypt reported stable availability of painkillers this week. ,1,0.296,4,pharmacies upper egypt reported stable availability painkillers week
295,currency_issue,"IN GIZA, ANTIBIOTICS AVAILABILITY HAS DROPPED. REPORTS MENTION PAYMENT AND COMPLICATIONS FROM FOREIGN.",1,0.0,5,giza antibiotics availability dropped reports mention payment complications foreign
296,forecasting_error,"In Alexandria, asthma inhalers availability has dropped. Reports mention underestimated and complications from miscalculated. Additional concerns include unexpected. ",1,-0.2732,6,alexandria asthma inhalers availability dropped reports mention underestimated complications miscalculated additional concerns include unexpected
297,transport_issue,Ph@rm@cies in new urb@n communities reported issues w ...ith @ntico@gul@nts. They cited tr@ffic @nd tr@nsport.,0,0.0,1,ph rm cies new urb n communities reported issues w ith ntico gul nts cited tr ffic nd tr nsport
298,demand_spike,"in coastal governorates, cancer medicines availability has dropped. reports mention increase and complications from sudden. additional concerns include spike.",1,-0.4767,7,coastal governorates cancer medicines availability dropped reports mention increase complications sudden additional concerns include spike
299,distribution_center_issue,PHARMACIES  IN  ALEXANDRIA  REPORTED  ISSUES  WITH  ANTICOAGULANTS.  THEY  CITED  DISTRIBUTION  CENTER  AND  LOADING.,0,0.0,1,pharmacies alexandria reported issues anticoagulants cited distribution center loading
300,labor_shortage,Pharmacies in Cairo reported issues with IV fluids. They cited shift and sick leave.,0,-0.5423,3,pharmacies cairo reported issues iv fluids cited shift sick leave
301,seasonal_variation,Pharmacies in Canal cities reported issues with vitamins. They cited cold and virus. Additional concerns include allergy.,0,0.0,1,pharmacies canal cities reported issues vitamins cited cold virus additional concerns include allergy
302,it_system_failure,"In new urban communities, antiviral tablets availability has dropped. Reports m ...ention software and complications from error. Additional concerns include data.",1,-0.4019,7,new urban communities antiviral tablets availability dropped reports ention software complications error additional concerns include data
303,neutral_report,ROUTINE UPD@TES FROM UPPER EGYPT SHOWED NO M@JOR ISSUES FOR CHILDREN'S SYRUP.,0,0.0,1,routine upd tes upper egypt showed jor issues children syrup
304,manufacturing_issue,Pharmacies in Canal cities reported issues with insulin. They cited batch and production.,0,0.0,1,pharmacies canal cities reported issues insulin cited batch production
305,neutral_report,routine updates from new urban communities showed no major issues for insulin.,0,0.0,1,routine updates new urban communities showed major issues insulin
306,distribution_center_issue,"in new urban communities, oral rehydration salts availability has dropped. reports mention hub and complications from sorting.",1,0.0,5,new urban communities oral rehydration salts availability dropped reports mention hub complications sorting
307,regulation_issue,"In Cairo, IV fluids availability has dropped. Reports mention inspection a ...nd complications from compliance. Additional concerns include restriction.",1,-0.2732,6,cairo iv fluids availability dropped reports mention inspection nd complications compliance additional concerns include restriction
308,demand_spike,A weekly report from coastal governorates connected blood pressure drugs instability to unusual and increase. Additional concerns include unusual.,1,0.0258,5,weekly report coastal governorates connected blood pressure drugs instability unusual increase additional concerns include unusual
309,contract_dispute,Pharmacies in Delta region reported issues with vitamins. They cited cancellation and penalty.,0,-0.4588,2,pharmacies delta region reported issues vitamins cited cancellation penalty
310,supplier_problem,Pharmacies in Giza reported issues with IV fluids. They cited backlog and supplier. Additional concerns include late.,0,0.0,1,pharmacies giza reported issues iv fluids cited backlog supplier additional concerns include late
311,supplier_problem,"In Cairo, antibiotics availability has dropped. Reports mention capaci ...ty and complications from quota. Additional concerns include supplier.",1,0.3818,3,cairo antibiotics availability dropped reports mention capaci ty complications quota additional concerns include supplier
312,import_delay," In Cairo, antibiotics availability has dropped. Rep ...orts mention inspection and complications from dock.",1,0.0,5,cairo antibiotics availability dropped rep orts mention inspection complications dock
313,import_delay,"In Alexandria, anticoagulants availability has dropped. Reports mention port and complications from queue. Additional concerns include queue.",1,0.0,5,alexandria anticoagulants availability dropped reports mention port complications queue additional concerns include queue
314,neutral_report,No significant disruptions were noted for vitamins in Upper Egypt.,0,-0.1531,1,significant disruptions noted vitamins upper egypt
315,import_delay,"In Alexandria, cancer medicines availability has dropped. ... Reports mention clearance and complications from import.",2,-0.6597,10,alexandria cancer medicines availability dropped reports mention clearance complications import
316,it_system_failure,A weekly report from Canal cities connected antiviral tablets instability to system and software. Additional concerns include offline.,1,-0.128,6,weekly report canal cities connected antiviral tablets instability system software additional concerns include offline
317,transport_issue,PHARMACIES IN COASTAL GOVERNORATES REPORTED ISSUES WITH IV FLUIDS. THEY CITED BLOCKED AND ACCIDENT. ADDITIONAL CONCERNS INCLUDE CLOSURE.,0,-0.6369,3,pharmacies coastal governorates reported issues iv fluids cited blocked accident additional concerns include closure
318,transport_issue,A weekly report from Giz@ connected p@inkillers inst@bilit ...y to truck @nd ro@d. Addition@l concerns include @ccident.,0,0.0,1,weekly report giz connected p inkillers inst bilit truck nd ro addition l concerns include ccident
319,import_delay,"In new urban communities, vitamins availability has dropped. Reports mention import and complications from delay. Additional concerns include delay.",4,-0.5574,10,new urban communities vitamins availability dropped reports mention import complications delay additional concerns include delay
320,distribution_center_issue,A weekly report from Canal cities connected children's syrup instability to bottleneck and queue.,1,0.0,5,weekly report canal cities connected children syrup instability bottleneck queue
321,neutral_report,Reports from Delta region indicated stable distribution of painkillers.??,0,0.296,1,reports delta region indicated stable distribution painkillers
322,transport_issue,"In Giza, insulin availability has dropped. Reports mention route and complications from detour. Additional concerns include truck.",1,0.0,5,giza insulin availability dropped reports mention route complications detour additional concerns include truck
323,import_delay,pharmacies in canal cities reported issues with asthma inhalers. they cited stuck and inspection. additional concerns include dock.,0,-0.25,1,pharmacies canal cities reported issues asthma inhalers cited stuck inspection additional concerns include dock
324,neutral_report,No significant disruptions were noted for anticoagulants in Cairo. ,0,-0.1531,1,significant disruptions noted anticoagulants cairo
325,transport_issue,A weekly report from new urban communities connected blood pressure drugs instability to truck and congestion.??,1,-0.296,6,weekly report new urban communities connected blood pressure drugs instability truck congestion
326,currency_issue,Pharmacies in Cairo reported issues with asthma inhalers. They cited dollar and bank. Additional concerns include reserve.,0,0.0,1,pharmacies cairo reported issues asthma inhalers cited dollar bank additional concerns include reserve
327,manufacturing_issue, Pharmacies in Cairo reported issues with vitamins. They cited line and repair. Additional concerns include raw material.,0,0.0,1,pharmacies cairo reported issues vitamins cited line repair additional concerns include raw material
328,currency_issue,"In Cairo, blood pressure drugs availability has dropped. Reports mention dollar and complications from foreign.",1,-0.296,6,cairo blood pressure drugs availability dropped reports mention dollar complications foreign
329,neutral_report,No significant disruptions were  ...noted for vitamins in Alexandria.,0,-0.1531,1,significant disruptions noted vitamins alexandria
330,neutral_report,Reports from new urban communities indicated stable distribution of anticoagulants. ,0,0.296,1,reports new urban communities indicated stable distribution anticoagulants
331,neutral_report,Reports from Giza indicated stable distribution of blood pressure drugs.,0,0.0,1,reports giza indicated stable distribution blood pressure drugs
332,neutral_report,R3ports from Upp3r Egypt indicat3d stabl3 distribution of anticoagulants.,0,0.0,1,r ports upp r egypt indicat stabl distribution anticoagulants
333,it_system_failure,"In coastal governorates, blood pressure drugs availability has dropped. Reports mention downtime and complications from offline. Additional concerns include error.",1,-0.6597,8,coastal governorates blood pressure drugs availability dropped reports mention downtime complications offline additional concerns include error
334,it_system_failure,A weekly report from new urban communities connected cancer medicines instability to offline and slow.,1,-0.7096,9,weekly report new urban communities connected cancer medicines instability offline slow
335,neutral_report,Routine updates from Upper Egypt show ...ed no major issues for antihistamines.,0,0.0,1,routine updates upper egypt show ed major issues antihistamines
336,import_delay,Pharmaci3s in Al3xandria r3port3d issu3s with canc3r m3dicin3s. Th3y cit3d insp3ction and customs. Additional conc3rns includ3 d3lay.,0,0.0,1,pharmaci al xandria r port issu canc r dicin th cit insp ction customs additional conc rns includ lay
337,contract_dispute,"In Alexandria, antihistamines availability has dropped. Reports mention penalty and complications from pricing. Additional concerns include pricing.",1,-0.4588,7,alexandria antihistamines availability dropped reports mention penalty complications pricing additional concerns include pricing
338,import_delay,Pharmacies in Upper Egypt reported issues with oral rehydration salts. They cited dock and stuck. ??,0,-0.25,1,pharmacies upper egypt reported issues oral rehydration salts cited dock stuck
339,neutral_report,Pharmacies in coastal governorates reported stable availability of oral rehydration salts this week.,1,0.296,4,pharmacies coastal governorates reported stable availability oral rehydration salts week
340,transport_issue,Pharmacies in Cairo reported issues with anticoagulants. They cited bridge and delay. Additional concerns include closure.,1,-0.3182,7,pharmacies cairo reported issues anticoagulants cited bridge delay additional concerns include closure
341,forecasting_error,"In Upper Egypt, IV fluids @v@il@bility h@s dropped. Reports mention scen@rio @nd complic@tions from model.",0,0.0,1,upper egypt iv fluids v il bility h dropped reports mention scen rio nd complic tions model
342,storage_issue,Pharmacies in Canal cities reported issues wit ...h children's syrup. They cited leak and damage.,0,-0.6808,3,pharmacies canal cities reported issues wit h children syrup cited leak damage
343,import_delay,Pharmacies in Giza reported issues with oral reh ...ydration salts. They cited stuck and offloading.,0,-0.25,1,pharmacies giza reported issues oral reh ydration salts cited stuck offloading
344,it_system_failure,A weekly report from Canal cities connected oral rehydration salts instability to login and slow. Additional concerns include update.,1,0.0,5,weekly report canal cities connected oral rehydration salts instability login slow additional concerns include update
345,storage_issue,Pharmacies in Canal cities reported issues with IV fluids. They cited contamination and humidity.,0,0.0,1,pharmacies canal cities reported issues iv fluids cited contamination humidity
346,neutral_report,Routine updates from coastal governorates showed no major issues for insulin. ,0,0.0,1,routine updates coastal governorates showed major issues insulin
347,manufacturing_issue,"IN D3LTA R3GION, CANC3R M3DICIN3S AVAILABILITY HAS DROPP3D. R3PORTS M3NTION FACTORY AND COMPLICATIONS FROM CAPACITY. ADDITIONAL CONC3RNS INCLUD3 INT3RRUPTION.",1,0.0,5,lta r gion canc r dicin availability dropp r ports ntion factory complications capacity additional conc rns includ int rruption
348,neutral_report,Pharmacies in coastal governorates reporte ...d stable availability of insulin this week.,1,0.296,4,pharmacies coastal governorates reporte stable availability insulin week
349,forecasting_error,Pharmaci3s in Canal citi3s r3port3d issu3s with insulin. Th3y cit3d un3xp3ct3d and sc3nario.,0,0.3818,1,pharmaci canal citi r port issu insulin th cit un xp ct sc nario
350,manufacturing_issue,Pharmacies  in  coastal  governorates  reported  issues  with  vitamins.  They  cited  factory  and  repair.??,0,0.0,1,pharmacies coastal governorates reported issues vitamins cited factory repair
351,seasonal_variation,"In  new  urban  communities,  asthma  inhalers  availability  has  dropped.  Reports   ...mention  heat  and  complications  from  festive.  Additional  concerns  include  cold.",1,0.4588,3,new urban communities asthma inhalers availability dropped reports mention heat complications festive additional concerns include cold
352,transport_issue, pharmacies in new urban communities reported issues with oral rehydration salts. they cited closure and transport.,0,0.0,1,pharmacies new urban communities reported issues oral rehydration salts cited closure transport
353,quality_control_issue,"in upper egypt, antihistamines availability has dropped. reports mention lab and complications from investigation. additional concerns include lab.",1,0.0,5,upper egypt antihistamines availability dropped reports mention lab complications investigation additional concerns include lab
354,seasonal_variation,A weekly report from Delta region connected antibiotics instability to trend and winter. Additional concerns include season.,1,0.0,5,weekly report delta region connected antibiotics instability trend winter additional concerns include season
355,seasonal_variation," In C@n@l cities, @ntico@gul@nts @v@il@bility h@s dropped. Reports mention festive @nd complic@tions from se@son. Addition@l concerns include virus.",0,0.4588,1,c n l cities ntico gul nts v il bility h dropped reports mention festive nd complic tions se son addition l concerns include virus
356,distribution_center_issue, Pharmacies in Cairo reported issues with asthma inhalers. They cited processing and backlog.,0,0.0,1,pharmacies cairo reported issues asthma inhalers cited processing backlog
357,neutral_report, reports from giza indicated stable distribution of oral rehydration salts.,0,0.296,1,reports giza indicated stable distribution oral rehydration salts
358,labor_shortage,Ph@rm@cies in Alex@ndri@ reported issues with p@inkillers. They cited overtime @nd short@ge. Addition@l concerns include resign@tions.,0,-0.34,2,ph rm cies alex ndri reported issues p inkillers cited overtime nd short ge addition l concerns include resign tions
359,storage_issue,A weekly report from Upper Egypt connected antihistamines instability to warehouse and expired. Additional concerns include fridge.,1,0.0,5,weekly report upper egypt connected antihistamines instability warehouse expired additional concerns include fridge
360,neutral_report,Routine updates from coastal governorates showed no major issues for antibiotics.,0,0.0,1,routine updates coastal governorates showed major issues antibiotics
361,regulation_issue, PHARMACIES IN DELTA REGION REPORTED ISSUES WITH ANTIVIRAL TABLETS. THEY CITED RECALL AND APPROVAL.,0,0.4767,1,pharmacies delta region reported issues antiviral tablets cited recall approval
362,demand_spike,A weekly report from Cairo connected blood pressure drugs instability to shortage and increase.??,2,-0.2263,10,weekly report cairo connected blood pressure drugs instability shortage increase
363,storage_issue," In D3lta r3gion, insulin availability has dropp3d. R3ports m3ntion fridg3 and complications from mold.",1,0.0,5,lta r gion insulin availability dropp r ports ntion fridg complications mold
364,seasonal_variation,"In C@n@l cities, c@ncer medicines @v@il@bility h@s dropped. Reports mention trend @nd complic@tions from summer.",0,0.0,1,c n l cities c ncer medicines v il bility h dropped reports mention trend nd complic tions summer
365,it_system_failure,Pharmacies in Giza reported issues with cancer medicines. They  . .....cited network and update. Additional concerns include downtime.,0,-0.6597,3,pharmacies giza reported issues cancer medicines cited network update additional concerns include downtime
366,currency_issue,"In Upper Egypt, blood pressure drugs availability has dropped. Reports mention foreign and complications from dollar. Additional concerns include foreign.",1,-0.296,6,upper egypt blood pressure drugs availability dropped reports mention foreign complications dollar additional concerns include foreign
367,contract_dispute," In Upper Egypt, anticoagulants availability has dropped. Reports mention disagreement and complications from pricing.",1,-0.3612,7,upper egypt anticoagulants availability dropped reports mention disagreement complications pricing
368,currency_issue,A weekly report from Upper Egypt connected antibiotics instability to devaluation and price.,1,0.0,5,weekly report upper egypt connected antibiotics instability devaluation price
369,import_delay,"In Cairo, asthma inhalers availability has dropped. Reports mention import and complications from port.",2,0.0,10,cairo asthma inhalers availability dropped reports mention import complications port
370,neutral_report,R3ports from Giza indicat3d stabl3 distribution of blood pr3ssur3 drugs. ,0,0.0,1,r ports giza indicat stabl distribution blood pr ssur drugs
371,transport_issue,"In coastal governorates, IV fluids availability has dropped. Reports mention closure and complications from detour. Additional concerns include fuel. ",1,0.0,5,coastal governorates iv fluids availability dropped reports mention closure complications detour additional concerns include fuel
372,storage_issue,"  In  Upper  Egypt,  anticoagulants  availability  has  dropped.  Reports  mention  fridge  and  complications  from  power  cut.  Additional  concerns  include  leak.",1,-0.5423,8,upper egypt anticoagulants availability dropped reports mention fridge complications power cut additional concerns include leak
373,storage_issue," In Cairo, childr3n's syrup availability has dropp3d. R3ports m3ntion storag3 and complications from t3mp3ratur3. Additional conc3rns includ3 l3ak.",1,0.0,5,cairo childr n syrup availability dropp r ports ntion storag complications mp ratur additional conc rns includ l ak
374,forecasting_error,A weekly report from Upper Egypt connected cancer medicines instability to estimate and trend. Additional concerns include underestimated.,1,-0.7579,9,weekly report upper egypt connected cancer medicines instability estimate trend additional concerns include underestimated
375,manufacturing_issue,"In Giza, antiviral tablets availability has dropped. Reports mention interrup . .....tion and complications from capacity. Additional concerns include maintenance.",1,0.0,5,giza antiviral tablets availability dropped reports mention interrup tion complications capacity additional concerns include maintenance
376,seasonal_variation,Pharmaci3s in D3lta r3gion r3port3d issu3s with antihistamin3s. Th3y cit3d s3ason and h3at. Additional conc3rns includ3 flu.,0,-0.3818,2,pharmaci lta r gion r port issu antihistamin th cit ason h additional conc rns includ flu
377,seasonal_variation,Pharmacies in coastal governorates reported issues with antiviral tablets. They cited holiday and winter.,0,0.4019,1,pharmacies coastal governorates reported issues antiviral tablets cited holiday winter
378,forecasting_error,Pharmacies  in  Alexandria  reported  issues  with  antibiotics.  They  cited  overestimated  and  miscalculated.  Additional  concerns  include  overestimated.,0,0.0,1,pharmacies alexandria reported issues antibiotics cited overestimated miscalculated additional concerns include overestimated
379,forecasting_error,"In new urb@n communities, @ntico@gul@nts @v@il@bility h@s dropped. Reports mention scen@rio @nd complic@tions from estim@te. Addition@l concerns include unexpected.",0,0.0,1,new urb n communities ntico gul nts v il bility h dropped reports mention scen rio nd complic tions estim te addition l concerns include unexpected
380,seasonal_variation, A weekly report from Giza connected antidepressants instability to virus and holiday. Additional concerns include seasonal.,1,0.4019,3,weekly report giza connected antidepressants instability virus holiday additional concerns include seasonal
381,regulation_issue,"In coastal governorates, children's syrup availability has dropped. Reports mention warning and complications from new rules.",1,-0.34,7,coastal governorates children syrup availability dropped reports mention warning complications new rules
382,neutral_report,R3ports from n3w urban communiti3s indicat3d stabl3 distribution of insulin.,0,0.0,1,r ports n w urban communiti indicat stabl distribution insulin
383,labor_shortage,A weekly report from Giza connected painkillers instability to labor and turnover.??,1,0.0,5,weekly report giza connected painkillers instability labor turnover
384,neutral_report,ROUTINE UPDATES FROM NEW URBAN COMMUNITIES SHOWED NO MAJOR ISSUES FOR ANTICOAGULANTS. ,0,0.0,1,routine updates new urban communities showed major issues anticoagulants
385,supplier_problem,Pharmacies in Canal cities reported issues with antihistamines. They cited disruption and late.??,1,-0.3612,7,pharmacies canal cities reported issues antihistamines cited disruption late
386,transport_issue,"in upper egypt, iv fluids availability has dropped. reports mention tru ...ck and complications from congestion. additional concerns include route.",1,0.0,5,upper egypt iv fluids availability dropped reports mention tru ck complications congestion additional concerns include route
387,forecasting_error,A weekly report from Canal cities connected insulin instability to planning and forecast. Additional concerns include forecast.,1,0.0,5,weekly report canal cities connected insulin instability planning forecast additional concerns include forecast
388,transport_issue,A weekly report from Canal cities connected asthma inhalers instability to route and blocked. Additional concerns include congestion.,1,-0.2732,6,weekly report canal cities connected asthma inhalers instability route blocked additional concerns include congestion
389,manufacturing_issue,Pharmacies in Delta region reported issues with anticoagulants. They cited production and capacity.,0,0.0,1,pharmacies delta region reported issues anticoagulants cited production capacity
390,import_delay,Pharmacies in Canal cities reported issues with antidepressants. They cited stuck and inspection. Additional concerns include shipment.????,0,-0.25,1,pharmacies canal cities reported issues antidepressants cited stuck inspection additional concerns include shipment
391,regulation_issue,Pharmacies  in  Upper  Egypt  reported  issues  with  cancer  medicines.  They  cited  warning  and  new  rules.  Additional  concerns  include  safety.,0,-0.6124,3,pharmacies upper egypt reported issues cancer medicines cited warning new rules additional concerns include safety
392,currency_issue,PHARMACIES IN GIZA REPORTED ISSUES WITH ANTICOAGULANTS. THEY CITED PRICE AND EXCHANGE. ADDITIONAL CONCERNS INCLUDE INFLATION.,0,0.0,1,pharmacies giza reported issues anticoagulants cited price exchange additional concerns include inflation
393,labor_shortage, Pharmacies in coastal governorates reported issues w ...ith children's syrup. They cited shift and sick leave.,0,-0.5423,3,pharmacies coastal governorates reported issues w ith children syrup cited shift sick leave
394,storage_issue,A weekly report from Alex@ndri@ connected IV fluids inst@bility to d@m@ge @nd temper@ture. Addition@l concerns include le@k.,0,-0.4215,2,weekly report alex ndri connected iv fluids inst bility ge nd temper ture addition l concerns include le k
395,distribution_center_issue,A weekly report from Canal cities connected antihistamines instability to backlog and queue. Additional concerns include distribution center. ,1,0.0,5,weekly report canal cities connected antihistamines instability backlog queue additional concerns include distribution center
396,neutral_report,NO SIGNIFICANT DISRUPTIONS WERE NOTED FOR CANCER MEDICINES IN DELTA REGION.,0,-0.7184,4,significant disruptions noted cancer medicines delta region
397,labor_shortage,pharmacies in coastal governorates reported issues with painkillers. they cited strike and absent. ,0,-0.128,1,pharmacies coastal governorates reported issues painkillers cited strike absent
398,distribution_center_issue,"In Cairo, asthma inhal3rs availability has dropp3d. R3ports m3ntion proc3ssing and complications from slowdown. ",1,0.0,5,cairo asthma inhal rs availability dropp r ports ntion proc ssing complications slowdown
399,contract_dispute,A weekly report from Canal cities connected anticoagulants insta . .....bility to renewal and dispute. Additional concerns include delay.,1,-0.6124,8,weekly report canal cities connected anticoagulants insta bility renewal dispute additional concerns include delay
400,neutral_report,Supply levels for antibiotics in Cairo remained normal.??,1,0.0,5,supply levels antibiotics cairo remained normal
